{
"lengthUnit": "mil",
"remark": [],
"components": {
	"fields": ["COMPONENT_NO", "COMPONENT_NAME", "LAYER", "X_COORDINATE", "Y_COORDINATE", "ANGLE"],
	"rows": [
		[1, "BT1", "B", 1565, 555, 180],
		[2, "C1", "T", 565, 455, 0],
		[3, "C2", "T", 570, 790, 180],
		[4, "C3", "T", 415, 890, 180],
		[5, "C4", "T", 445, 495, 0],
		[6, "C5", "T", 275, 840, 90],
		[7, "C6", "T", 930, 780, 0],
		[8, "C7", "T", 930, 855, 0],
		[9, "C8", "T", 1455, 685, 90],
		[10, "C9", "T", 930, 305, 180],
		[11, "C10", "T", 255, 535, 90],
		[12, "C11", "T", 1100, 915, 90],
		[13, "D1", "T", 145, 290, 180],
		[14, "D2", "T", 420, 670, 0],
		[15, "D3", "T", 145, 380, 180],
		[16, "H1", "T", -40, 240, 270],
		[17, "H2", "T", 60, 1040, 180],
		[18, "H3", "T", 1350, 1025, 0],
		[19, "H4", "T", 2010, 1030, 0],
		[20, "H5", "T", 330, 1000, 0],
		[21, "J1", "T", 580, 150, 180],
		[22, "LED2", "T", 765, 325, 90],
		[23, "R1", "T", 305, 620, 180],
		[24, "R3", "T", 445, 550, 180],
		[25, "R4", "T", 640, 525, 270],
		[26, "R5", "T", 1025, 305, 180],
		[27, "R6", "T", 305, 670, 180],
		[28, "R7", "T", 570, 740, 0],
		[29, "R8", "T", 345, 450, 0],
		[30, "R9", "T", 1195, 545, 0],
		[31, "R10", "T", 49.2078, 855.5568, 90],
		[32, "R11", "T", 1195, 495, 0],
		[33, "R12", "T", 2250, 860, 270],
		[34, "R13", "T", 1195, 595, 0],
		[35, "R14", "T", 1195, 445, 0],
		[36, "R15", "T", 1195, 695, 0],
		[37, "R16", "T", 1195, 645, 0],
		[38, "R17", "T", 940, 205, 180],
		[39, "R18", "T", 1025, 205, 0],
		[40, "R19", "T", 1025, 255, 0],
		[41, "R20", "T", 763.95, 218.528, 90],
		[42, "RF1", "T", 2235, 560, 180],
		[43, "SW1", "T", 1240, 90, 180],
		[44, "SW2", "T", 2105, 880, 0],
		[45, "SW3", "T", 200, 95, 180],
		[46, "U2", "T", 420, 775, 270],
		[47, "U3", "T", 330, 540, 270],
		[48, "U4", "T", 560, 525, 180],
		[49, "U5", "T", 570, 645, 0],
		[50, "U6", "T", -40.7922, 830.5568, 90],
		[51, "U7", "T", 1785, 560, 0],
		[52, "U8", "T", 925, 550, 180],
		[53, "X1", "T", 805, 790, 0],
		[54, "PAD1", "T", 951.46, 780, 0],
		[55, "PAD2", "T", 908.54, 780, 0],
		[56, "PAD3", "T", 957.56, 855, 0],
		[57, "PAD4", "T", 902.44, 855, 0],
		[58, "PAD5", "T", 1212.04, 545, 0],
		[59, "PAD6", "T", 1177.96, 545, 0],
		[60, "PAD7", "T", 1212.04, 495, 0],
		[61, "PAD8", "T", 1177.96, 495, 0],
		[62, "PAD9", "T", 1212.04, 595, 0],
		[63, "PAD10", "T", 1177.96, 595, 0],
		[64, "PAD11", "T", 1097.5, 628.74, 0],
		[65, "PAD12", "T", 1097.5, 597.244, 0],
		[66, "PAD13", "T", 1097.5, 565.748, 0],
		[67, "PAD14", "T", 1097.5, 534.252, 0],
		[68, "PAD15", "T", 1097.5, 502.756, 0],
		[69, "PAD16", "T", 1097.5, 471.26, 0],
		[70, "PAD17", "T", 972.244, 378, 0],
		[71, "PAD18", "T", 940.748, 378, 0],
		[72, "PAD19", "T", 909.252, 378, 0],
		[73, "PAD20", "T", 846.26, 378, 0],
		[74, "PAD21", "T", 814.764, 378, 0],
		[75, "PAD22", "T", 752.5, 439.764, 0],
		[76, "PAD23", "T", 752.5, 471.26, 0],
		[77, "PAD24", "T", 752.5, 502.756, 0],
		[78, "PAD25", "T", 752.5, 534.252, 0],
		[79, "PAD26", "T", 814.764, 722, 0],
		[80, "PAD27", "T", 846.26, 722, 0],
		[81, "PAD28", "T", 877.756, 722, 0],
		[82, "PAD29", "T", 909.252, 722, 0],
		[83, "PAD30", "T", 940.748, 722, 0],
		[84, "PAD31", "T", 972.244, 722, 0],
		[85, "PAD32", "T", 1035.236, 722, 0],
		[86, "PAD33", "T", 757.8, 790, 0],
		[87, "PAD34", "T", 805, 790, 0],
		[88, "PAD35", "T", 852.2, 790, 0],
		[89, "PAD36", "T", 480, 100, 0],
		[90, "PAD36", "B", 480, 100, 0],
		[91, "PAD37", "T", 480, 200, 0],
		[92, "PAD37", "B", 480, 200, 0],
		[93, "PAD38", "T", 580, 100, 0],
		[94, "PAD38", "B", 580, 100, 0],
		[95, "PAD39", "T", 580, 200, 0],
		[96, "PAD39", "B", 580, 200, 0],
		[97, "PAD40", "T", 680, 100, 0],
		[98, "PAD40", "B", 680, 100, 0],
		[99, "PAD41", "T", 680, 200, 0],
		[100, "PAD41", "B", 680, 200, 0],
		[101, "PAD42", "T", 908.54, 305, 0],
		[102, "PAD43", "T", 951.46, 305, 0],
		[103, "PAD44", "T", 275, 792.76, 0],
		[104, "PAD45", "T", 275, 887.24, 0],
		[105, "PAD46", "T", 462.24, 890, 0],
		[106, "PAD47", "T", 367.76, 890, 0],
		[107, "PAD48", "T", 1455, 712.56, 0],
		[108, "PAD49", "T", 1455, 657.44, 0],
		[109, "PAD50", "T", 1600, 1025, 0],
		[110, "PAD50", "B", 1600, 1025, 0],
		[111, "PAD51", "T", 1400, 1025, 0],
		[112, "PAD51", "B", 1400, 1025, 0],
		[113, "PAD52", "T", 1300, 1025, 0],
		[114, "PAD52", "B", 1300, 1025, 0],
		[115, "PAD53", "T", 1200, 1025, 0],
		[116, "PAD53", "B", 1200, 1025, 0],
		[117, "PAD54", "T", 1100, 1025, 0],
		[118, "PAD54", "B", 1100, 1025, 0],
		[119, "PAD55", "T", 2250, 830.34, 0],
		[120, "PAD56", "T", 2250, 889.66, 0],
		[121, "PAD57", "T", 1007.96, 305, 0],
		[122, "PAD58", "T", 1042.04, 305, 0],
		[123, "PAD59", "T", 49.2078, 872.5968, 0],
		[124, "PAD60", "T", 49.2078, 838.5168, 0],
		[125, "PAD61", "T", 2335, 660, 0],
		[126, "PAD61", "B", 2335, 660, 0],
		[127, "PAD62", "T", 2335, 460, 0],
		[128, "PAD62", "B", 2335, 460, 0],
		[129, "PAD63", "T", 2135, 460, 0],
		[130, "PAD63", "B", 2135, 460, 0],
		[131, "PAD64", "T", 2135, 660, 0],
		[132, "PAD64", "B", 2135, 660, 0],
		[133, "PAD65", "T", 2235, 560, 0],
		[134, "PAD65", "B", 2235, 560, 0],
		[135, "PAD66", "T", 2023.31, 880, 0],
		[136, "PAD67", "T", 2186.69, 880, 0],
		[137, "PAD68", "T", 1548.785, 707.64, 0],
		[138, "PAD69", "T", 1548.775, 658.42, 0],
		[139, "PAD70", "T", 1686.575, 323.78, 0],
		[140, "PAD71", "T", 1735.785, 323.78, 0],
		[141, "PAD72", "T", 1932.635, 323.78, 0],
		[142, "PAD73", "T", 2021.225, 412.36, 0],
		[143, "PAD74", "T", 2021.225, 461.57, 0],
		[144, "PAD75", "T", 2021.225, 510.79, 0],
		[145, "PAD76", "T", 1932.635, 796.22, 0],
		[146, "PAD77", "T", 1834.215, 796.22, 0],
		[147, "PAD78", "T", 374.58, 812.4, 0],
		[148, "PAD79", "T", 374.58, 775, 0],
		[149, "PAD80", "T", 374.58, 737.6, 0],
		[150, "PAD81", "T", 465.42, 812.4, 0],
		[151, "PAD82", "T", -40.7922, 780.5568, 0],
		[152, "PAD82", "B", -40.7922, 780.5568, 0],
		[153, "PAD83", "T", -40.7922, 830.5568, 0],
		[154, "PAD83", "B", -40.7922, 830.5568, 0],
		[155, "PAD84", "T", -40.7922, 880.5568, 0],
		[156, "PAD84", "B", -40.7922, 880.5568, 0],
		[157, "PAD85", "T", 1212.04, 695, 0],
		[158, "PAD86", "T", 1177.96, 695, 0],
		[159, "PAD87", "T", 1212.04, 645, 0],
		[160, "PAD88", "T", 1177.96, 645, 0],
		[161, "PAD89", "T", 1212.04, 445, 0],
		[162, "PAD90", "T", 1177.96, 445, 0],
		[163, "PAD91", "T", 160, 1040, 0],
		[164, "PAD91", "B", 160, 1040, 0],
		[165, "PAD92", "T", 60, 1040, 0],
		[166, "PAD92", "B", 60, 1040, 0],
		[167, "PAD93", "T", -40, 1040, 0],
		[168, "PAD93", "B", -40, 1040, 0],
		[169, "PAD94", "T", 98.835, 290, 0],
		[170, "PAD95", "T", 191.165, 290, 0],
		[171, "PAD96", "T", 466.165, 670, 0],
		[172, "PAD97", "T", 373.835, 670, 0],
		[173, "PAD98", "T", 640, 507.96, 0],
		[174, "PAD99", "T", 640, 542.04, 0],
		[175, "PAD100", "T", 427.96, 550, 0],
		[176, "PAD101", "T", 462.04, 550, 0],
		[177, "PAD102", "T", 587.04, 740, 0],
		[178, "PAD103", "T", 552.96, 740, 0],
		[179, "PAD104", "T", 287.96, 620, 0],
		[180, "PAD105", "T", 322.04, 620, 0],
		[181, "PAD106", "T", 362.04, 450, 0],
		[182, "PAD107", "T", 327.96, 450, 0],
		[183, "PAD108", "T", 287.96, 670, 0],
		[184, "PAD109", "T", 322.04, 670, 0],
		[185, "PAD110", "T", 304.41, 577.01, 0],
		[186, "PAD111", "T", 355.59, 577.01, 0],
		[187, "PAD112", "T", 355.59, 502.99, 0],
		[188, "PAD113", "T", 330, 502.99, 0],
		[189, "PAD114", "T", 304.41, 502.99, 0],
		[190, "PAD115", "T", 597.01, 550.59, 0],
		[191, "PAD116", "T", 597.01, 499.41, 0],
		[192, "PAD117", "T", 522.99, 499.41, 0],
		[193, "PAD118", "T", 522.99, 525, 0],
		[194, "PAD119", "T", 522.99, 550.59, 0],
		[195, "PAD120", "T", 518.815, 607.6, 0],
		[196, "PAD121", "T", 518.815, 682.4, 0],
		[197, "PAD122", "T", 621.185, 682.4, 0],
		[198, "PAD123", "T", 621.185, 645, 0],
		[199, "PAD124", "T", 621.185, 607.6, 0],
		[200, "PAD125", "T", 586.46, 455, 0],
		[201, "PAD126", "T", 543.54, 455, 0],
		[202, "PAD127", "T", 548.54, 790, 0],
		[203, "PAD128", "T", 591.46, 790, 0],
		[204, "PAD129", "T", 255, 556.46, 0],
		[205, "PAD130", "T", 255, 513.54, 0],
		[206, "PAD131", "T", 1860, 1030, 0],
		[207, "PAD131", "B", 1860, 1030, 0],
		[208, "PAD132", "T", 1960, 1030, 0],
		[209, "PAD132", "B", 1960, 1030, 0],
		[210, "PAD133", "T", 2060, 1030, 0],
		[211, "PAD133", "B", 2060, 1030, 0],
		[212, "PAD134", "T", 2160, 1030, 0],
		[213, "PAD134", "B", 2160, 1030, 0],
		[214, "PAD135", "B", 1887.8346, 555, 0],
		[215, "PAD136", "B", -35.39, 555, 0],
		[216, "PAD137", "T", 902, 90.3943, 0],
		[217, "PAD138", "T", 1583, 90.3943, 0],
		[218, "PAD139", "T", 98.835, 380, 0],
		[219, "PAD140", "T", 191.165, 380, 0],
		[220, "PAD141", "T", 922.96, 205, 0],
		[221, "PAD142", "T", 957.04, 205, 0],
		[222, "PAD143", "T", 1042.04, 205, 0],
		[223, "PAD144", "T", 1007.96, 205, 0],
		[224, "PAD145", "T", 1042.04, 255, 0],
		[225, "PAD146", "T", 1007.96, 255, 0],
		[226, "PAD147", "T", 111.42, 151.1, 0],
		[227, "PAD148", "T", 229.53, 151.1, 0],
		[228, "PAD149", "T", 343.7, 38.9, 0],
		[229, "PAD150", "T", 343.7, 125.51, 0],
		[230, "PAD151", "T", 56.3, 125.51, 0],
		[231, "PAD152", "T", 56.3, 38.9, 0],
		[232, "PAD153", "T", 763.95, 235.568, 0],
		[233, "PAD154", "T", 763.95, 201.488, 0],
		[234, "PAD155", "T", -40, 290, 0],
		[235, "PAD155", "B", -40, 290, 0],
		[236, "PAD156", "T", -40, 190, 0],
		[237, "PAD156", "B", -40, 190, 0],
		[238, "PAD157", "T", 1100, 936.46, 0],
		[239, "PAD158", "T", 1100, 893.54, 0],
		[240, "PAD159", "T", 764.995, 356.475, 0],
		[241, "PAD160", "T", 765.005, 293.525, 0],
		[242, "PAD161", "T", 466.46, 495, 0],
		[243, "PAD162", "T", 423.54, 495, 0],
		[244, "PAD163", "T", 280, 1000, 0],
		[245, "PAD163", "B", 280, 1000, 0],
		[246, "PAD164", "T", 380, 1000, 0],
		[247, "PAD164", "B", 380, 1000, 0]
	]
},
"pins": {
	"fields": ["PIN_NO", "PIN_NAME", "PIN_X", "PIN_Y", "LAYER", "PIN_TYPE", "NET_NAME", "NET_TYPE", "PAD_SHAPE", "PAD_SIZEX", "PAD_SIZEY", "HOLE_SIZE", "HOLE_LEN", "PAD_ANGLE"],
	"rows": [
		[1, "BT1_1", -35.39, 555, "B", "SMD", "$1N45378", "", "R", 208.661, 295.275, 0, 0, 180],
		[2, "BT1_2", 1887.8346, 555, "B", "SMD", "GND", "GND", "R", 208.661, 295.275, 0, 0, 180],
		[3, "C1_1", 543.54, 455, "T", "SMD", "GND", "GND", "R", 31.106, 21.26, 0, 0, 0],
		[4, "C1_2", 586.46, 455, "T", "SMD", "VBATT", "", "R", 31.106, 21.26, 0, 0, 0],
		[5, "C2_1", 591.46, 790, "T", "SMD", "GND", "GND", "R", 31.106, 21.26, 0, 0, 180],
		[6, "C2_2", 548.54, 790, "T", "SMD", "VBATT", "", "R", 31.106, 21.26, 0, 0, 180],
		[7, "C3_1", 462.24, 890, "T", "SMD", "VCC", "", "R", 59.055, 53.5, 0, 0, 180],
		[8, "C3_2", 367.76, 890, "T", "SMD", "GND", "GND", "R", 59.055, 53.5, 0, 0, 180],
		[9, "C4_1", 423.54, 495, "T", "SMD", "GND", "GND", "R", 31.106, 21.26, 0, 0, 0],
		[10, "C4_2", 466.46, 495, "T", "SMD", "$1N40521", "", "R", 31.106, 21.26, 0, 0, 0],
		[11, "C5_1", 275, 792.76, "T", "SMD", "VBATT", "", "R", 59.055, 53.5, 0, 0, 90],
		[12, "C5_2", 275, 887.24, "T", "SMD", "GND", "GND", "R", 59.055, 53.5, 0, 0, 90],
		[13, "C6_1", 908.54, 780, "T", "SMD", "GND", "GND", "R", 31.106, 21.26, 0, 0, 0],
		[14, "C6_2", 951.46, 780, "T", "SMD", "VCC", "", "R", 31.106, 21.26, 0, 0, 0],
		[15, "C7_1", 902.44, 855, "T", "SMD", "GND", "GND", "R", 31.496, 35.433, 0, 0, 0],
		[16, "C7_2", 957.56, 855, "T", "SMD", "VCC", "", "R", 31.496, 35.433, 0, 0, 0],
		[17, "C8_1", 1455, 657.44, "T", "SMD", "GND", "GND", "R", 31.496, 35.433, 0, 0, 90],
		[18, "C8_2", 1455, 712.56, "T", "SMD", "VCC", "", "R", 31.496, 35.433, 0, 0, 90],
		[19, "C9_1", 951.46, 305, "T", "SMD", "GND", "GND", "R", 31.106, 21.26, 0, 0, 180],
		[20, "C9_2", 908.54, 305, "T", "SMD", "$1N25630", "", "R", 31.106, 21.26, 0, 0, 180],
		[21, "C10_1", 255, 513.54, "T", "SMD", "GND", "GND", "R", 31.106, 21.26, 0, 0, 90],
		[22, "C10_2", 255, 556.46, "T", "SMD", "VBATT", "", "R", 31.106, 21.26, 0, 0, 90],
		[23, "C11_1", 1100, 893.54, "T", "SMD", "RESET", "", "R", 31.106, 21.26, 0, 0, 90],
		[24, "C11_2", 1100, 936.46, "T", "SMD", "$1N46271", "", "R", 31.106, 21.26, 0, 0, 90],
		[25, "D1_1", 191.165, 290, "T", "SMD", "$1N45731", "", "R", 39.37, 29.528, 0, 0, 180],
		[26, "D1_2", 98.835, 290, "T", "SMD", "$1N33212", "", "R", 39.37, 29.528, 0, 0, 180],
		[27, "D2_1", 373.835, 670, "T", "SMD", "WAKEUP", "", "R", 39.37, 29.528, 0, 0, 0],
		[28, "D2_2", 466.165, 670, "T", "SMD", "$1N41432", "", "R", 39.37, 29.528, 0, 0, 0],
		[29, "D3_1", 191.165, 380, "T", "SMD", "$1N45731", "", "R", 39.37, 29.528, 0, 0, 180],
		[30, "D3_2", 98.835, 380, "T", "SMD", "$1N45378", "", "R", 39.37, 29.528, 0, 0, 180],
		[31, "H1_1", -40, 290, "T", "DIP", "$1N33212", "", "R", 78.74, 78.74, 47.244, 47.244, 270],
		[32, "H1_1", -40, 290, "B", "DIP", "$1N33212", "", "R", 78.74, 78.74, 47.244, 47.244, 270],
		[33, "H1_2", -40, 190, "T", "DIP", "GND", "GND", "C", 78.74, 78.74, 47.244, 47.244, 270],
		[34, "H1_2", -40, 190, "B", "DIP", "GND", "GND", "C", 78.74, 78.74, 47.244, 47.244, 270],
		[35, "H2_1", 160, 1040, "T", "DIP", "GND", "GND", "R", 66.929, 66.929, 43.308, 43.308, 180],
		[36, "H2_1", 160, 1040, "B", "DIP", "GND", "GND", "R", 66.929, 66.929, 43.308, 43.308, 180],
		[37, "H2_2", 60, 1040, "T", "DIP", "TEMP", "", "C", 66.929, 66.929, 43.308, 43.308, 180],
		[38, "H2_2", 60, 1040, "B", "DIP", "TEMP", "", "C", 66.929, 66.929, 43.308, 43.308, 180],
		[39, "H2_3", -40, 1040, "T", "DIP", "VCC", "", "C", 66.929, 66.929, 43.308, 43.308, 180],
		[40, "H2_3", -40, 1040, "B", "DIP", "VCC", "", "C", 66.929, 66.929, 43.308, 43.308, 180],
		[41, "H3_1", 1100, 1025, "T", "DIP", "$1N46271", "", "R", 70.866, 70.866, 47.244, 47.244, 0],
		[42, "H3_1", 1100, 1025, "B", "DIP", "$1N46271", "", "R", 70.866, 70.866, 47.244, 47.244, 0],
		[43, "H3_2", 1200, 1025, "T", "DIP", "TXD", "", "C", 70.866, 70.866, 47.244, 47.244, 0],
		[44, "H3_2", 1200, 1025, "B", "DIP", "TXD", "", "C", 70.866, 70.866, 47.244, 47.244, 0],
		[45, "H3_3", 1300, 1025, "T", "DIP", "RXD", "", "C", 70.866, 70.866, 47.244, 47.244, 0],
		[46, "H3_3", 1300, 1025, "B", "DIP", "RXD", "", "C", 70.866, 70.866, 47.244, 47.244, 0],
		[47, "H3_4", 1400, 1025, "T", "DIP", "VCC", "", "C", 70.866, 70.866, 47.244, 47.244, 0],
		[48, "H3_4", 1400, 1025, "B", "DIP", "VCC", "", "C", 70.866, 70.866, 47.244, 47.244, 0],
		[49, "H3_5", 1500, 1025, "T", "DIP", "NET_1", "", "C", 70.866, 70.866, 47.244, 47.244, 0],
		[50, "H3_5", 1500, 1025, "B", "DIP", "NET_1", "", "C", 70.866, 70.866, 47.244, 47.244, 0],
		[51, "H3_6", 1600, 1025, "T", "DIP", "GND", "GND", "C", 70.866, 70.866, 47.244, 47.244, 0],
		[52, "H3_6", 1600, 1025, "B", "DIP", "GND", "GND", "C", 70.866, 70.866, 47.244, 47.244, 0],
		[53, "H4_1", 1860, 1030, "T", "DIP", "GND", "GND", "R", 66.929, 66.929, 43.308, 43.308, 0],
		[54, "H4_1", 1860, 1030, "B", "DIP", "GND", "GND", "R", 66.929, 66.929, 43.308, 43.308, 0],
		[55, "H4_2", 1960, 1030, "T", "DIP", "VCC", "", "C", 66.929, 66.929, 43.308, 43.308, 0],
		[56, "H4_2", 1960, 1030, "B", "DIP", "VCC", "", "C", 66.929, 66.929, 43.308, 43.308, 0],
		[57, "H4_3", 2060, 1030, "T", "DIP", "SCL", "", "C", 66.929, 66.929, 43.308, 43.308, 0],
		[58, "H4_3", 2060, 1030, "B", "DIP", "SCL", "", "C", 66.929, 66.929, 43.308, 43.308, 0],
		[59, "H4_4", 2160, 1030, "T", "DIP", "SDA", "", "C", 66.929, 66.929, 43.308, 43.308, 0],
		[60, "H4_4", 2160, 1030, "B", "DIP", "SDA", "", "C", 66.929, 66.929, 43.308, 43.308, 0],
		[61, "H5_1", 280, 1000, "T", "DIP", "VBATT", "", "R", 78.74, 78.74, 47.244, 47.244, 0],
		[62, "H5_1", 280, 1000, "B", "DIP", "VBATT", "", "R", 78.74, 78.74, 47.244, 47.244, 0],
		[63, "H5_2", 380, 1000, "T", "DIP", "WAKEUP", "", "C", 78.74, 78.74, 47.244, 47.244, 0],
		[64, "H5_2", 380, 1000, "B", "DIP", "WAKEUP", "", "C", 78.74, 78.74, 47.244, 47.244, 0],
		[65, "J1_1", 680, 200, "T", "DIP", "PB4", "", "R", 70.866, 70.866, 41.338, 41.338, 180],
		[66, "J1_1", 680, 200, "B", "DIP", "PB4", "", "R", 70.866, 70.866, 41.338, 41.338, 180],
		[67, "J1_2", 680, 100, "T", "DIP", "VCC", "", "C", 70.866, 70.866, 41.338, 41.338, 180],
		[68, "J1_2", 680, 100, "B", "DIP", "VCC", "", "C", 70.866, 70.866, 41.338, 41.338, 180],
		[69, "J1_3", 580, 200, "T", "DIP", "SCK", "", "C", 70.866, 70.866, 41.338, 41.338, 180],
		[70, "J1_3", 580, 200, "B", "DIP", "SCK", "", "C", 70.866, 70.866, 41.338, 41.338, 180],
		[71, "J1_4", 580, 100, "T", "DIP", "PB3", "", "C", 70.866, 70.866, 41.338, 41.338, 180],
		[72, "J1_4", 580, 100, "B", "DIP", "PB3", "", "C", 70.866, 70.866, 41.338, 41.338, 180],
		[73, "J1_5", 480, 200, "T", "DIP", "RESET", "", "C", 70.866, 70.866, 41.338, 41.338, 180],
		[74, "J1_5", 480, 200, "B", "DIP", "RESET", "", "C", 70.866, 70.866, 41.338, 41.338, 180],
		[75, "J1_6", 480, 100, "T", "DIP", "GND", "GND", "C", 70.866, 70.866, 41.338, 41.338, 180],
		[76, "J1_6", 480, 100, "B", "DIP", "GND", "GND", "C", 70.866, 70.866, 41.338, 41.338, 180],
		[77, "LED2_1", 765.005, 293.525, "T", "SMD", "$1N46075", "", "R", 31.496, 31.496, 0, 0, 180],
		[78, "LED2_2", 764.995, 356.475, "T", "SMD", "$1N46027", "", "R", 31.496, 31.496, 0, 0, 180],
		[79, "R1_1", 322.04, 620, "T", "SMD", "$1N40794", "", "R", 22.27, 21.26, 0, 0, 180],
		[80, "R1_2", 287.96, 620, "T", "SMD", "VBATT", "", "R", 22.27, 21.26, 0, 0, 180],
		[81, "R3_1", 462.04, 550, "T", "SMD", "$1N40521", "", "R", 22.27, 21.26, 0, 0, 180],
		[82, "R3_2", 427.96, 550, "T", "SMD", "$1N41071", "", "R", 22.27, 21.26, 0, 0, 180],
		[83, "R4_1", 640, 542.04, "T", "SMD", "$1N40469", "", "R", 22.27, 21.26, 0, 0, 270],
		[84, "R4_2", 640, 507.96, "T", "SMD", "$1N40626", "", "R", 22.27, 21.26, 0, 0, 270],
		[85, "R5_1", 1042.04, 305, "T", "SMD", "GND", "GND", "R", 22.27, 21.26, 0, 0, 180],
		[86, "R5_2", 1007.96, 305, "T", "SMD", "ADC", "", "R", 22.27, 21.26, 0, 0, 180],
		[87, "R6_1", 322.04, 670, "T", "SMD", "WAKEUP", "", "R", 22.27, 21.26, 0, 0, 180],
		[88, "R6_2", 287.96, 670, "T", "SMD", "GND", "GND", "R", 22.27, 21.26, 0, 0, 180],
		[89, "R7_1", 552.96, 740, "T", "SMD", "$1N41432", "", "R", 22.27, 21.26, 0, 0, 0],
		[90, "R7_2", 587.04, 740, "T", "SMD", "OFF", "", "R", 22.27, 21.26, 0, 0, 0],
		[91, "R8_1", 327.96, 450, "T", "SMD", "SW_STATUS", "", "R", 22.27, 21.26, 0, 0, 0],
		[92, "R8_2", 362.04, 450, "T", "SMD", "$1N41071", "", "R", 22.27, 21.26, 0, 0, 0],
		[93, "R9_1", 1177.96, 545, "T", "SMD", "SCL", "", "R", 22.27, 21.26, 0, 0, 0],
		[94, "R9_2", 1212.04, 545, "T", "SMD", "VCC", "", "R", 22.27, 21.26, 0, 0, 0],
		[95, "R10_1", 49.2078, 838.5168, "T", "SMD", "TEMP", "", "R", 22.27, 21.26, 0, 0, 90],
		[96, "R10_2", 49.2078, 872.5968, "T", "SMD", "VCC", "", "R", 22.27, 21.26, 0, 0, 90],
		[97, "R11_1", 1177.96, 495, "T", "SMD", "SDA", "", "R", 22.27, 21.26, 0, 0, 0],
		[98, "R11_2", 1212.04, 495, "T", "SMD", "VCC", "", "R", 22.27, 21.26, 0, 0, 0],
		[99, "R12_1", 2250, 889.66, "T", "SMD", "$1N31679", "", "R", 31.751, 34.016, 0, 0, 270],
		[100, "R12_2", 2250, 830.34, "T", "SMD", "GND", "GND", "R", 31.751, 34.016, 0, 0, 270],
		[101, "R13_1", 1177.96, 595, "T", "SMD", "RESET", "", "R", 22.27, 21.26, 0, 0, 0],
		[102, "R13_2", 1212.04, 595, "T", "SMD", "VCC", "", "R", 22.27, 21.26, 0, 0, 0],
		[103, "R14_1", 1177.96, 445, "T", "SMD", "WIORST", "", "R", 22.27, 21.26, 0, 0, 0],
		[104, "R14_2", 1212.04, 445, "T", "SMD", "$1N31682", "", "R", 22.27, 21.26, 0, 0, 0],
		[105, "R15_1", 1177.96, 695, "T", "SMD", "TXD", "", "R", 22.27, 21.26, 0, 0, 0],
		[106, "R15_2", 1212.04, 695, "T", "SMD", "$1N31687", "", "R", 22.27, 21.26, 0, 0, 0],
		[107, "R16_1", 1177.96, 645, "T", "SMD", "RXD", "", "R", 22.27, 21.26, 0, 0, 0],
		[108, "R16_2", 1212.04, 645, "T", "SMD", "$1N31686", "", "R", 22.27, 21.26, 0, 0, 0],
		[109, "R17_1", 957.04, 205, "T", "SMD", "$1N45496", "", "R", 22.27, 21.26, 0, 0, 180],
		[110, "R17_2", 922.96, 205, "T", "SMD", "VBATT", "", "R", 22.27, 21.26, 0, 0, 180],
		[111, "R18_1", 1007.96, 205, "T", "SMD", "$1N45496", "", "R", 22.27, 21.26, 0, 0, 0],
		[112, "R18_2", 1042.04, 205, "T", "SMD", "$1N45505", "", "R", 22.27, 21.26, 0, 0, 0],
		[113, "R19_1", 1007.96, 255, "T", "SMD", "ADC", "", "R", 22.27, 21.26, 0, 0, 0],
		[114, "R19_2", 1042.04, 255, "T", "SMD", "$1N45505", "", "R", 22.27, 21.26, 0, 0, 0],
		[115, "R20_1", 763.95, 201.488, "T", "SMD", "GND", "GND", "R", 22.27, 21.26, 0, 0, 90],
		[116, "R20_2", 763.95, 235.568, "T", "SMD", "$1N46075", "", "R", 22.27, 21.26, 0, 0, 90],
		[117, "RF1_1", 2335, 660, "T", "DIP", "GND", "GND", "C", 90.551, 90.551, 51.182, 51.182, 180],
		[118, "RF1_1", 2335, 660, "B", "DIP", "GND", "GND", "C", 90.551, 90.551, 51.182, 51.182, 180],
		[119, "RF1_2", 2335, 460, "T", "DIP", "GND", "GND", "C", 90.551, 90.551, 51.182, 51.182, 180],
		[120, "RF1_2", 2335, 460, "B", "DIP", "GND", "GND", "C", 90.551, 90.551, 51.182, 51.182, 180],
		[121, "RF1_3", 2135, 460, "T", "DIP", "GND", "GND", "C", 90.551, 90.551, 51.182, 51.182, 180],
		[122, "RF1_3", 2135, 460, "B", "DIP", "GND", "GND", "C", 90.551, 90.551, 51.182, 51.182, 180],
		[123, "RF1_4", 2135, 660, "T", "DIP", "GND", "GND", "C", 90.551, 90.551, 51.182, 51.182, 180],
		[124, "RF1_4", 2135, 660, "B", "DIP", "GND", "GND", "C", 90.551, 90.551, 51.182, 51.182, 180],
		[125, "RF1_5", 2235, 560, "T", "DIP", "$1N31677", "", "C", 90.551, 90.551, 51.182, 51.182, 180],
		[126, "RF1_5", 2235, 560, "B", "DIP", "$1N31677", "", "C", 90.551, 90.551, 51.182, 51.182, 180],
		[127, "SW1_1", 1583, 90.3943, "T", "SMD", "GND", "GND", "R", 86.614, 47.244, 0, 0, 0],
		[128, "SW1_2", 902, 90.3943, "T", "SMD", "$1N40794", "", "R", 86.614, 47.244, 0, 0, 0],
		[129, "SW2_1", 2023.31, 880, "T", "SMD", "$1N31680", "", "R", 53.15, 70.866, 0, 0, 0],
		[130, "SW2_2", 2186.69, 880, "T", "SMD", "$1N31679", "", "R", 53.15, 70.866, 0, 0, 0],
		[131, "SW3_1", 288.58, 151.1, "T", "SMD", "NET_2", "", "R", 27.559, 70.866, 0, 0, 180],
		[132, "SW3_2", 229.53, 151.1, "T", "SMD", "VBATT", "", "R", 27.559, 70.866, 0, 0, 180],
		[133, "SW3_3", 111.42, 151.1, "T", "SMD", "$1N45731", "", "R", 27.559, 70.866, 0, 0, 180],
		[134, "SW3_4", 343.7, 38.9, "T", "SMD", "GND", "GND", "R", 31.496, 39.37, 0, 0, 270],
		[135, "SW3_4", 343.7, 125.51, "T", "SMD", "GND", "GND", "R", 31.496, 39.37, 0, 0, 270],
		[136, "SW3_4", 56.3, 125.51, "T", "SMD", "GND", "GND", "R", 31.496, 39.37, 0, 0, 270],
		[137, "SW3_4", 56.3, 38.9, "T", "SMD", "GND", "GND", "R", 31.496, 39.37, 0, 0, 270],
		[138, "U2_1", 374.58, 812.4, "T", "SMD", "VBATT", "", "R", 19.291, 45.551, 0, 0, 270],
		[139, "U2_2", 374.58, 775, "T", "SMD", "GND", "GND", "R", 19.291, 45.551, 0, 0, 270],
		[140, "U2_3", 374.58, 737.6, "T", "SMD", "WAKEUP", "", "R", 19.291, 45.551, 0, 0, 270],
		[141, "U2_4", 465.42, 737.6, "T", "SMD", "NET_3", "", "R", 19.291, 46.26, 0, 0, 270],
		[142, "U2_5", 465.42, 812.4, "T", "SMD", "VCC", "", "R", 19.291, 46.26, 0, 0, 270],
		[143, "U3_1", 304.41, 502.99, "T", "SMD", "$1N40794", "", "R", 13.78, 27.559, 0, 0, 0],
		[144, "U3_2", 330, 502.99, "T", "SMD", "GND", "GND", "R", 13.78, 27.559, 0, 0, 0],
		[145, "U3_3", 355.59, 502.99, "T", "SMD", "GND", "GND", "R", 13.78, 27.559, 0, 0, 0],
		[146, "U3_4", 355.59, 577.01, "T", "SMD", "$1N41071", "", "R", 13.78, 27.559, 0, 0, 0],
		[147, "U3_5", 304.41, 577.01, "T", "SMD", "VBATT", "", "R", 13.78, 27.559, 0, 0, 0],
		[148, "U4_1", 522.99, 550.59, "T", "SMD", "$1N40794", "", "R", 13.78, 27.559, 0, 0, 270],
		[149, "U4_2", 522.99, 525, "T", "SMD", "$1N40521", "", "R", 13.78, 27.559, 0, 0, 270],
		[150, "U4_3", 522.99, 499.41, "T", "SMD", "GND", "GND", "R", 13.78, 27.559, 0, 0, 270],
		[151, "U4_4", 597.01, 499.41, "T", "SMD", "$1N40626", "", "R", 13.78, 27.559, 0, 0, 270],
		[152, "U4_5", 597.01, 550.59, "T", "SMD", "VBATT", "", "R", 13.78, 27.559, 0, 0, 270],
		[153, "U5_1", 621.185, 607.6, "T", "SMD", "$1N40469", "", "R", 43.307, 23.622, 0, 0, 0],
		[154, "U5_2", 621.185, 645, "T", "SMD", "OFF", "", "R", 43.307, 23.622, 0, 0, 0],
		[155, "U5_3", 621.185, 682.4, "T", "SMD", "GND", "GND", "R", 43.307, 23.622, 0, 0, 0],
		[156, "U5_4", 518.815, 682.4, "T", "SMD", "$1N41432", "", "R", 43.307, 23.622, 0, 0, 0],
		[157, "U5_5", 518.815, 607.6, "T", "SMD", "VBATT", "", "R", 43.307, 23.622, 0, 0, 0],
		[158, "U6_1", -40.7922, 780.5568, "T", "DIP", "GND", "GND", "R", 39.37, 47.244, 27.56, 33.465, 90],
		[159, "U6_1", -40.7922, 780.5568, "B", "DIP", "GND", "GND", "R", 39.37, 47.244, 27.56, 33.465, 90],
		[160, "U6_2", -40.7922, 830.5568, "T", "DIP", "TEMP", "", "O", 39.37, 47.244, 27.56, 33.465, 90],
		[161, "U6_2", -40.7922, 830.5568, "B", "DIP", "TEMP", "", "O", 39.37, 47.244, 27.56, 33.465, 90],
		[162, "U6_3", -40.7922, 880.5568, "T", "DIP", "VCC", "", "O", 39.37, 47.244, 27.56, 33.465, 90],
		[163, "U6_3", -40.7922, 880.5568, "B", "DIP", "VCC", "", "O", 39.37, 47.244, 27.56, 33.465, 90],
		[164, "U7_1", 1548.785, 707.64, "T", "SMD", "VCC", "", "R", 90.551, 39.37, 0, 0, 0],
		[165, "U7_2", 1548.775, 658.42, "T", "SMD", "GND", "GND", "R", 90.551, 39.37, 0, 0, 0],
		[166, "U7_3", 1548.775, 609.21, "T", "SMD", "NET_4", "", "R", 90.551, 39.37, 0, 0, 0],
		[167, "U7_4", 1548.775, 560, "T", "SMD", "NET_5", "", "R", 90.551, 39.37, 0, 0, 0],
		[168, "U7_5", 1548.775, 510.79, "T", "SMD", "NET_6", "", "R", 90.551, 39.37, 0, 0, 0],
		[169, "U7_6", 1548.775, 461.57, "T", "SMD", "NET_7", "", "R", 90.551, 39.37, 0, 0, 0],
		[170, "U7_7", 1548.775, 412.36, "T", "SMD", "NET_8", "", "R", 90.551, 39.37, 0, 0, 0],
		[171, "U7_8", 1637.365, 323.78, "T", "SMD", "NET_9", "", "R", 39.37, 90.551, 0, 0, 0],
		[172, "U7_9", 1686.575, 323.78, "T", "SMD", "$1N31687", "", "R", 39.37, 90.551, 0, 0, 0],
		[173, "U7_10", 1735.785, 323.78, "T", "SMD", "$1N31686", "", "R", 39.37, 90.551, 0, 0, 0],
		[174, "U7_11", 1785.005, 323.78, "T", "SMD", "NET_10", "", "R", 39.37, 90.551, 0, 0, 0],
		[175, "U7_12", 1834.215, 323.78, "T", "SMD", "NET_11", "", "R", 39.37, 90.551, 0, 0, 0],
		[176, "U7_13", 1883.425, 323.78, "T", "SMD", "NET_12", "", "R", 39.37, 90.551, 0, 0, 0],
		[177, "U7_14", 1932.635, 323.78, "T", "SMD", "GND", "GND", "R", 39.37, 90.551, 0, 0, 0],
		[178, "U7_15", 2021.225, 412.36, "T", "SMD", "$1N31677", "", "R", 90.551, 39.37, 0, 0, 0],
		[179, "U7_16", 2021.225, 461.57, "T", "SMD", "GND", "GND", "R", 90.551, 39.37, 0, 0, 0],
		[180, "U7_17", 2021.225, 510.79, "T", "SMD", "$1N31682", "", "R", 90.551, 39.37, 0, 0, 0],
		[181, "U7_18", 2021.225, 560, "T", "SMD", "NET_13", "", "R", 90.551, 39.37, 0, 0, 0],
		[182, "U7_19", 2021.225, 609.21, "T", "SMD", "NET_14", "", "R", 90.551, 39.37, 0, 0, 0],
		[183, "U7_20", 2021.225, 658.42, "T", "SMD", "NET_15", "", "R", 90.551, 39.37, 0, 0, 0],
		[184, "U7_21", 2021.225, 707.64, "T", "SMD", "NET_16", "", "R", 90.551, 39.37, 0, 0, 0],
		[185, "U7_22", 1932.635, 796.22, "T", "SMD", "GND", "GND", "R", 39.37, 90.551, 0, 0, 0],
		[186, "U7_23", 1883.425, 796.22, "T", "SMD", "NET_17", "", "R", 39.37, 90.551, 0, 0, 0],
		[187, "U7_24", 1834.215, 796.22, "T", "SMD", "$1N31680", "", "R", 39.37, 90.551, 0, 0, 0],
		[188, "U7_25", 1785.005, 796.22, "T", "SMD", "NET_18", "", "R", 39.37, 90.551, 0, 0, 0],
		[189, "U7_26", 1735.785, 796.22, "T", "SMD", "NET_19", "", "R", 39.37, 90.551, 0, 0, 0],
		[190, "U7_27", 1686.575, 796.22, "T", "SMD", "NET_20", "", "R", 39.37, 90.551, 0, 0, 0],
		[191, "U7_28", 1637.365, 796.22, "T", "SMD", "NET_21", "", "R", 39.37, 90.551, 0, 0, 0],
		[192, "U8_1", 1035.236, 722, "T", "SMD", "TEMP", "", "O", 17.717, 64.961, 0, 0, 180],
		[193, "U8_2", 1003.74, 722, "T", "SMD", "NET_22", "", "O", 17.717, 64.961, 0, 0, 180],
		[194, "U8_3", 972.244, 722, "T", "SMD", "GND", "GND", "O", 17.717, 64.961, 0, 0, 180],
		[195, "U8_4", 940.748, 722, "T", "SMD", "VCC", "", "O", 17.717, 64.961, 0, 0, 180],
		[196, "U8_5", 909.252, 722, "T", "SMD", "GND", "GND", "O", 17.717, 64.961, 0, 0, 180],
		[197, "U8_6", 877.756, 722, "T", "SMD", "VCC", "", "O", 17.717, 64.961, 0, 0, 180],
		[198, "U8_7", 846.26, 722, "T", "SMD", "$1N10294", "", "O", 17.717, 64.961, 0, 0, 180],
		[199, "U8_8", 814.764, 722, "T", "SMD", "$1N16067", "", "O", 17.717, 64.961, 0, 0, 180],
		[200, "U8_9", 736.2205, 660.236, "T", "SMD", "NET_23", "", "O", 98.4252, 17.717, 0, 0, 180],
		[201, "U8_10", 736.2205, 628.74, "T", "SMD", "NET_24", "", "O", 98.4252, 17.717, 0, 0, 180],
		[202, "U8_11", 736.2205, 597.244, "T", "SMD", "NET_25", "", "O", 98.4252, 17.717, 0, 0, 180],
		[203, "U8_12", 736.2205, 565.748, "T", "SMD", "NET_26", "", "O", 98.4252, 17.717, 0, 0, 180],
		[204, "U8_13", 752.5, 534.252, "T", "SMD", "OFF", "", "O", 64.961, 17.717, 0, 0, 180],
		[205, "U8_14", 752.5, 502.756, "T", "SMD", "SW_STATUS", "", "O", 64.961, 17.717, 0, 0, 180],
		[206, "U8_15", 752.5, 471.26, "T", "SMD", "PB3", "", "O", 64.961, 17.717, 0, 0, 180],
		[207, "U8_16", 752.5, 439.764, "T", "SMD", "$1N46027", "", "O", 64.961, 17.717, 0, 0, 180],
		[208, "U8_17", 814.764, 378, "T", "SMD", "SCK", "", "O", 17.717, 64.961, 0, 0, 180],
		[209, "U8_18", 846.26, 378, "T", "SMD", "VCC", "", "O", 17.717, 64.961, 0, 0, 180],
		[210, "U8_19", 877.756, 378, "T", "SMD", "NET_27", "", "O", 17.717, 64.961, 0, 0, 180],
		[211, "U8_20", 909.252, 378, "T", "SMD", "$1N25630", "", "O", 17.717, 64.961, 0, 0, 180],
		[212, "U8_21", 940.748, 378, "T", "SMD", "GND", "GND", "O", 17.717, 64.961, 0, 0, 180],
		[213, "U8_22", 972.244, 378, "T", "SMD", "ADC", "", "O", 17.717, 64.961, 0, 0, 180],
		[214, "U8_23", 1003.74, 378, "T", "SMD", "NET_28", "", "O", 17.717, 64.961, 0, 0, 180],
		[215, "U8_24", 1035.236, 378, "T", "SMD", "NET_29", "", "O", 17.717, 64.961, 0, 0, 180],
		[216, "U8_25", 1097.5, 439.764, "T", "SMD", "NET_30", "", "O", 64.961, 17.717, 0, 0, 180],
		[217, "U8_26", 1097.5, 471.26, "T", "SMD", "WIORST", "", "O", 64.961, 17.717, 0, 0, 180],
		[218, "U8_27", 1097.5, 502.756, "T", "SMD", "SDA", "", "O", 64.961, 17.717, 0, 0, 180],
		[219, "U8_28", 1097.5, 534.252, "T", "SMD", "SCL", "", "O", 64.961, 17.717, 0, 0, 180],
		[220, "U8_29", 1097.5, 565.748, "T", "SMD", "RESET", "", "O", 64.961, 17.717, 0, 0, 180],
		[221, "U8_30", 1097.5, 597.244, "T", "SMD", "RXD", "", "O", 64.961, 17.717, 0, 0, 180],
		[222, "U8_31", 1097.5, 628.74, "T", "SMD", "TXD", "", "O", 64.961, 17.717, 0, 0, 180],
		[223, "U8_32", 1097.5, 660.236, "T", "SMD", "NET_31", "", "O", 64.961, 17.717, 0, 0, 180],
		[224, "X1_1", 757.8, 790, "T", "SMD", "$1N16067", "", "R", 23.622, 55.118, 0, 0, 0],
		[225, "X1_2", 805, 790, "T", "SMD", "GND", "GND", "R", 23.622, 55.118, 0, 0, 0],
		[226, "X1_3", 852.2, 790, "T", "SMD", "$1N10294", "", "R", 23.622, 55.118, 0, 0, 0],
		[227, "PAD1_2", 951.46, 780, "T", "SMD", "VCC", "", "R", 31.106, 21.26, 0, 0, 0],
		[228, "PAD2_1", 908.54, 780, "T", "SMD", "GND", "GND", "R", 31.106, 21.26, 0, 0, 0],
		[229, "PAD3_2", 957.56, 855, "T", "SMD", "VCC", "", "R", 31.496, 35.433, 0, 0, 0],
		[230, "PAD4_1", 902.44, 855, "T", "SMD", "GND", "GND", "R", 31.496, 35.433, 0, 0, 0],
		[231, "PAD5_2", 1212.04, 545, "T", "SMD", "VCC", "", "R", 22.27, 21.26, 0, 0, 0],
		[232, "PAD6_1", 1177.96, 545, "T", "SMD", "SCL", "", "R", 22.27, 21.26, 0, 0, 0],
		[233, "PAD7_2", 1212.04, 495, "T", "SMD", "VCC", "", "R", 22.27, 21.26, 0, 0, 0],
		[234, "PAD8_1", 1177.96, 495, "T", "SMD", "SDA", "", "R", 22.27, 21.26, 0, 0, 0],
		[235, "PAD9_2", 1212.04, 595, "T", "SMD", "VCC", "", "R", 22.27, 21.26, 0, 0, 0],
		[236, "PAD10_1", 1177.96, 595, "T", "SMD", "RESET", "", "R", 22.27, 21.26, 0, 0, 0],
		[237, "PAD11_31", 1097.5, 628.74, "T", "SMD", "TXD", "", "O", 64.961, 17.717, 0, 0, 180],
		[238, "PAD12_30", 1097.5, 597.244, "T", "SMD", "RXD", "", "O", 64.961, 17.717, 0, 0, 180],
		[239, "PAD13_29", 1097.5, 565.748, "T", "SMD", "RESET", "", "O", 64.961, 17.717, 0, 0, 180],
		[240, "PAD14_28", 1097.5, 534.252, "T", "SMD", "SCL", "", "O", 64.961, 17.717, 0, 0, 180],
		[241, "PAD15_27", 1097.5, 502.756, "T", "SMD", "SDA", "", "O", 64.961, 17.717, 0, 0, 180],
		[242, "PAD16_26", 1097.5, 471.26, "T", "SMD", "WIORST", "", "O", 64.961, 17.717, 0, 0, 180],
		[243, "PAD17_22", 972.244, 378, "T", "SMD", "ADC", "", "O", 17.717, 64.961, 0, 0, 180],
		[244, "PAD18_21", 940.748, 378, "T", "SMD", "GND", "GND", "O", 17.717, 64.961, 0, 0, 180],
		[245, "PAD19_20", 909.252, 378, "T", "SMD", "$1N25630", "", "O", 17.717, 64.961, 0, 0, 180],
		[246, "PAD20_18", 846.26, 378, "T", "SMD", "VCC", "", "O", 17.717, 64.961, 0, 0, 180],
		[247, "PAD21_17", 814.764, 378, "T", "SMD", "SCK", "", "O", 17.717, 64.961, 0, 0, 180],
		[248, "PAD22_16", 752.5, 439.764, "T", "SMD", "$1N46027", "", "O", 64.961, 17.717, 0, 0, 180],
		[249, "PAD23_15", 752.5, 471.26, "T", "SMD", "PB3", "", "O", 64.961, 17.717, 0, 0, 180],
		[250, "PAD24_14", 752.5, 502.756, "T", "SMD", "SW_STATUS", "", "O", 64.961, 17.717, 0, 0, 180],
		[251, "PAD25_13", 752.5, 534.252, "T", "SMD", "OFF", "", "O", 64.961, 17.717, 0, 0, 180],
		[252, "PAD26_8", 814.764, 722, "T", "SMD", "$1N16067", "", "O", 17.717, 64.961, 0, 0, 180],
		[253, "PAD27_7", 846.26, 722, "T", "SMD", "$1N10294", "", "O", 17.717, 64.961, 0, 0, 180],
		[254, "PAD28_6", 877.756, 722, "T", "SMD", "VCC", "", "O", 17.717, 64.961, 0, 0, 180],
		[255, "PAD29_5", 909.252, 722, "T", "SMD", "GND", "GND", "O", 17.717, 64.961, 0, 0, 180],
		[256, "PAD30_4", 940.748, 722, "T", "SMD", "VCC", "", "O", 17.717, 64.961, 0, 0, 180],
		[257, "PAD31_3", 972.244, 722, "T", "SMD", "GND", "GND", "O", 17.717, 64.961, 0, 0, 180],
		[258, "PAD32_1", 1035.236, 722, "T", "SMD", "TEMP", "", "O", 17.717, 64.961, 0, 0, 180],
		[259, "PAD33_1", 757.8, 790, "T", "SMD", "$1N16067", "", "R", 23.622, 55.118, 0, 0, 0],
		[260, "PAD34_2", 805, 790, "T", "SMD", "GND", "GND", "R", 23.622, 55.118, 0, 0, 0],
		[261, "PAD35_3", 852.2, 790, "T", "SMD", "$1N10294", "", "R", 23.622, 55.118, 0, 0, 0],
		[262, "PAD36_6", 480, 100, "T", "DIP", "GND", "GND", "C", 70.866, 70.866, 41.338, 41.338, 180],
		[263, "PAD36_6", 480, 100, "B", "DIP", "GND", "GND", "C", 70.866, 70.866, 41.338, 41.338, 180],
		[264, "PAD37_5", 480, 200, "T", "DIP", "RESET", "", "C", 70.866, 70.866, 41.338, 41.338, 180],
		[265, "PAD37_5", 480, 200, "B", "DIP", "RESET", "", "C", 70.866, 70.866, 41.338, 41.338, 180],
		[266, "PAD38_4", 580, 100, "T", "DIP", "PB3", "", "C", 70.866, 70.866, 41.338, 41.338, 180],
		[267, "PAD38_4", 580, 100, "B", "DIP", "PB3", "", "C", 70.866, 70.866, 41.338, 41.338, 180],
		[268, "PAD39_3", 580, 200, "T", "DIP", "SCK", "", "C", 70.866, 70.866, 41.338, 41.338, 180],
		[269, "PAD39_3", 580, 200, "B", "DIP", "SCK", "", "C", 70.866, 70.866, 41.338, 41.338, 180],
		[270, "PAD40_2", 680, 100, "T", "DIP", "VCC", "", "C", 70.866, 70.866, 41.338, 41.338, 180],
		[271, "PAD40_2", 680, 100, "B", "DIP", "VCC", "", "C", 70.866, 70.866, 41.338, 41.338, 180],
		[272, "PAD41_1", 680, 200, "T", "DIP", "PB4", "", "R", 70.866, 70.866, 41.338, 41.338, 180],
		[273, "PAD41_1", 680, 200, "B", "DIP", "PB4", "", "R", 70.866, 70.866, 41.338, 41.338, 180],
		[274, "PAD42_2", 908.54, 305, "T", "SMD", "$1N25630", "", "R", 31.106, 21.26, 0, 0, 180],
		[275, "PAD43_1", 951.46, 305, "T", "SMD", "GND", "GND", "R", 31.106, 21.26, 0, 0, 180],
		[276, "PAD44_1", 275, 792.76, "T", "SMD", "VBATT", "", "R", 59.055, 53.5, 0, 0, 90],
		[277, "PAD45_2", 275, 887.24, "T", "SMD", "GND", "GND", "R", 59.055, 53.5, 0, 0, 90],
		[278, "PAD46_1", 462.24, 890, "T", "SMD", "VCC", "", "R", 59.055, 53.5, 0, 0, 180],
		[279, "PAD47_2", 367.76, 890, "T", "SMD", "GND", "GND", "R", 59.055, 53.5, 0, 0, 180],
		[280, "PAD48_2", 1455, 712.56, "T", "SMD", "VCC", "", "R", 31.496, 35.433, 0, 0, 90],
		[281, "PAD49_1", 1455, 657.44, "T", "SMD", "GND", "GND", "R", 31.496, 35.433, 0, 0, 90],
		[282, "PAD50_6", 1600, 1025, "T", "DIP", "GND", "GND", "C", 70.866, 70.866, 47.244, 47.244, 0],
		[283, "PAD50_6", 1600, 1025, "B", "DIP", "GND", "GND", "C", 70.866, 70.866, 47.244, 47.244, 0],
		[284, "PAD51_4", 1400, 1025, "T", "DIP", "VCC", "", "C", 70.866, 70.866, 47.244, 47.244, 0],
		[285, "PAD51_4", 1400, 1025, "B", "DIP", "VCC", "", "C", 70.866, 70.866, 47.244, 47.244, 0],
		[286, "PAD52_3", 1300, 1025, "T", "DIP", "RXD", "", "C", 70.866, 70.866, 47.244, 47.244, 0],
		[287, "PAD52_3", 1300, 1025, "B", "DIP", "RXD", "", "C", 70.866, 70.866, 47.244, 47.244, 0],
		[288, "PAD53_2", 1200, 1025, "T", "DIP", "TXD", "", "C", 70.866, 70.866, 47.244, 47.244, 0],
		[289, "PAD53_2", 1200, 1025, "B", "DIP", "TXD", "", "C", 70.866, 70.866, 47.244, 47.244, 0],
		[290, "PAD54_1", 1100, 1025, "T", "DIP", "$1N46271", "", "R", 70.866, 70.866, 47.244, 47.244, 0],
		[291, "PAD54_1", 1100, 1025, "B", "DIP", "$1N46271", "", "R", 70.866, 70.866, 47.244, 47.244, 0],
		[292, "PAD55_2", 2250, 830.34, "T", "SMD", "GND", "GND", "R", 31.751, 34.016, 0, 0, 270],
		[293, "PAD56_1", 2250, 889.66, "T", "SMD", "$1N31679", "", "R", 31.751, 34.016, 0, 0, 270],
		[294, "PAD57_2", 1007.96, 305, "T", "SMD", "ADC", "", "R", 22.27, 21.26, 0, 0, 180],
		[295, "PAD58_1", 1042.04, 305, "T", "SMD", "GND", "GND", "R", 22.27, 21.26, 0, 0, 180],
		[296, "PAD59_2", 49.2078, 872.5968, "T", "SMD", "VCC", "", "R", 22.27, 21.26, 0, 0, 90],
		[297, "PAD60_1", 49.2078, 838.5168, "T", "SMD", "TEMP", "", "R", 22.27, 21.26, 0, 0, 90],
		[298, "PAD61_1", 2335, 660, "T", "DIP", "GND", "GND", "C", 90.551, 90.551, 51.182, 51.182, 180],
		[299, "PAD61_1", 2335, 660, "B", "DIP", "GND", "GND", "C", 90.551, 90.551, 51.182, 51.182, 180],
		[300, "PAD62_2", 2335, 460, "T", "DIP", "GND", "GND", "C", 90.551, 90.551, 51.182, 51.182, 180],
		[301, "PAD62_2", 2335, 460, "B", "DIP", "GND", "GND", "C", 90.551, 90.551, 51.182, 51.182, 180],
		[302, "PAD63_3", 2135, 460, "T", "DIP", "GND", "GND", "C", 90.551, 90.551, 51.182, 51.182, 180],
		[303, "PAD63_3", 2135, 460, "B", "DIP", "GND", "GND", "C", 90.551, 90.551, 51.182, 51.182, 180],
		[304, "PAD64_4", 2135, 660, "T", "DIP", "GND", "GND", "C", 90.551, 90.551, 51.182, 51.182, 180],
		[305, "PAD64_4", 2135, 660, "B", "DIP", "GND", "GND", "C", 90.551, 90.551, 51.182, 51.182, 180],
		[306, "PAD65_5", 2235, 560, "T", "DIP", "$1N31677", "", "C", 90.551, 90.551, 51.182, 51.182, 180],
		[307, "PAD65_5", 2235, 560, "B", "DIP", "$1N31677", "", "C", 90.551, 90.551, 51.182, 51.182, 180],
		[308, "PAD66_1", 2023.31, 880, "T", "SMD", "$1N31680", "", "R", 53.15, 70.866, 0, 0, 0],
		[309, "PAD67_2", 2186.69, 880, "T", "SMD", "$1N31679", "", "R", 53.15, 70.866, 0, 0, 0],
		[310, "PAD68_1", 1548.785, 707.64, "T", "SMD", "VCC", "", "R", 90.551, 39.37, 0, 0, 0],
		[311, "PAD69_2", 1548.775, 658.42, "T", "SMD", "GND", "GND", "R", 90.551, 39.37, 0, 0, 0],
		[312, "PAD70_9", 1686.575, 323.78, "T", "SMD", "$1N31687", "", "R", 39.37, 90.551, 0, 0, 0],
		[313, "PAD71_10", 1735.785, 323.78, "T", "SMD", "$1N31686", "", "R", 39.37, 90.551, 0, 0, 0],
		[314, "PAD72_14", 1932.635, 323.78, "T", "SMD", "GND", "GND", "R", 39.37, 90.551, 0, 0, 0],
		[315, "PAD73_15", 2021.225, 412.36, "T", "SMD", "$1N31677", "", "R", 90.551, 39.37, 0, 0, 0],
		[316, "PAD74_16", 2021.225, 461.57, "T", "SMD", "GND", "GND", "R", 90.551, 39.37, 0, 0, 0],
		[317, "PAD75_17", 2021.225, 510.79, "T", "SMD", "$1N31682", "", "R", 90.551, 39.37, 0, 0, 0],
		[318, "PAD76_22", 1932.635, 796.22, "T", "SMD", "GND", "GND", "R", 39.37, 90.551, 0, 0, 0],
		[319, "PAD77_24", 1834.215, 796.22, "T", "SMD", "$1N31680", "", "R", 39.37, 90.551, 0, 0, 0],
		[320, "PAD78_1", 374.58, 812.4, "T", "SMD", "VBATT", "", "R", 19.291, 45.551, 0, 0, 270],
		[321, "PAD79_2", 374.58, 775, "T", "SMD", "GND", "GND", "R", 19.291, 45.551, 0, 0, 270],
		[322, "PAD80_3", 374.58, 737.6, "T", "SMD", "WAKEUP", "", "R", 19.291, 45.551, 0, 0, 270],
		[323, "PAD81_5", 465.42, 812.4, "T", "SMD", "VCC", "", "R", 19.291, 46.26, 0, 0, 270],
		[324, "PAD82_1", -40.7922, 780.5568, "T", "DIP", "GND", "GND", "R", 39.37, 47.244, 27.56, 33.465, 90],
		[325, "PAD82_1", -40.7922, 780.5568, "B", "DIP", "GND", "GND", "R", 39.37, 47.244, 27.56, 33.465, 90],
		[326, "PAD83_2", -40.7922, 830.5568, "T", "DIP", "TEMP", "", "O", 39.37, 47.244, 27.56, 33.465, 90],
		[327, "PAD83_2", -40.7922, 830.5568, "B", "DIP", "TEMP", "", "O", 39.37, 47.244, 27.56, 33.465, 90],
		[328, "PAD84_3", -40.7922, 880.5568, "T", "DIP", "VCC", "", "O", 39.37, 47.244, 27.56, 33.465, 90],
		[329, "PAD84_3", -40.7922, 880.5568, "B", "DIP", "VCC", "", "O", 39.37, 47.244, 27.56, 33.465, 90],
		[330, "PAD85_2", 1212.04, 695, "T", "SMD", "$1N31687", "", "R", 22.27, 21.26, 0, 0, 0],
		[331, "PAD86_1", 1177.96, 695, "T", "SMD", "TXD", "", "R", 22.27, 21.26, 0, 0, 0],
		[332, "PAD87_2", 1212.04, 645, "T", "SMD", "$1N31686", "", "R", 22.27, 21.26, 0, 0, 0],
		[333, "PAD88_1", 1177.96, 645, "T", "SMD", "RXD", "", "R", 22.27, 21.26, 0, 0, 0],
		[334, "PAD89_2", 1212.04, 445, "T", "SMD", "$1N31682", "", "R", 22.27, 21.26, 0, 0, 0],
		[335, "PAD90_1", 1177.96, 445, "T", "SMD", "WIORST", "", "R", 22.27, 21.26, 0, 0, 0],
		[336, "PAD91_1", 160, 1040, "T", "DIP", "GND", "GND", "R", 66.929, 66.929, 43.308, 43.308, 180],
		[337, "PAD91_1", 160, 1040, "B", "DIP", "GND", "GND", "R", 66.929, 66.929, 43.308, 43.308, 180],
		[338, "PAD92_2", 60, 1040, "T", "DIP", "TEMP", "", "C", 66.929, 66.929, 43.308, 43.308, 180],
		[339, "PAD92_2", 60, 1040, "B", "DIP", "TEMP", "", "C", 66.929, 66.929, 43.308, 43.308, 180],
		[340, "PAD93_3", -40, 1040, "T", "DIP", "VCC", "", "C", 66.929, 66.929, 43.308, 43.308, 180],
		[341, "PAD93_3", -40, 1040, "B", "DIP", "VCC", "", "C", 66.929, 66.929, 43.308, 43.308, 180],
		[342, "PAD94_2", 98.835, 290, "T", "SMD", "$1N33212", "", "R", 39.37, 29.528, 0, 0, 180],
		[343, "PAD95_1", 191.165, 290, "T", "SMD", "$1N45731", "", "R", 39.37, 29.528, 0, 0, 180],
		[344, "PAD96_2", 466.165, 670, "T", "SMD", "$1N41432", "", "R", 39.37, 29.528, 0, 0, 0],
		[345, "PAD97_1", 373.835, 670, "T", "SMD", "WAKEUP", "", "R", 39.37, 29.528, 0, 0, 0],
		[346, "PAD98_2", 640, 507.96, "T", "SMD", "$1N40626", "", "R", 22.27, 21.26, 0, 0, 270],
		[347, "PAD99_1", 640, 542.04, "T", "SMD", "$1N40469", "", "R", 22.27, 21.26, 0, 0, 270],
		[348, "PAD100_2", 427.96, 550, "T", "SMD", "$1N41071", "", "R", 22.27, 21.26, 0, 0, 180],
		[349, "PAD101_1", 462.04, 550, "T", "SMD", "$1N40521", "", "R", 22.27, 21.26, 0, 0, 180],
		[350, "PAD102_2", 587.04, 740, "T", "SMD", "OFF", "", "R", 22.27, 21.26, 0, 0, 0],
		[351, "PAD103_1", 552.96, 740, "T", "SMD", "$1N41432", "", "R", 22.27, 21.26, 0, 0, 0],
		[352, "PAD104_2", 287.96, 620, "T", "SMD", "VBATT", "", "R", 22.27, 21.26, 0, 0, 180],
		[353, "PAD105_1", 322.04, 620, "T", "SMD", "$1N40794", "", "R", 22.27, 21.26, 0, 0, 180],
		[354, "PAD106_2", 362.04, 450, "T", "SMD", "$1N41071", "", "R", 22.27, 21.26, 0, 0, 0],
		[355, "PAD107_1", 327.96, 450, "T", "SMD", "SW_STATUS", "", "R", 22.27, 21.26, 0, 0, 0],
		[356, "PAD108_2", 287.96, 670, "T", "SMD", "GND", "GND", "R", 22.27, 21.26, 0, 0, 180],
		[357, "PAD109_1", 322.04, 670, "T", "SMD", "WAKEUP", "", "R", 22.27, 21.26, 0, 0, 180],
		[358, "PAD110_5", 304.41, 577.01, "T", "SMD", "VBATT", "", "R", 13.78, 27.559, 0, 0, 0],
		[359, "PAD111_4", 355.59, 577.01, "T", "SMD", "$1N41071", "", "R", 13.78, 27.559, 0, 0, 0],
		[360, "PAD112_3", 355.59, 502.99, "T", "SMD", "GND", "GND", "R", 13.78, 27.559, 0, 0, 0],
		[361, "PAD113_2", 330, 502.99, "T", "SMD", "GND", "GND", "R", 13.78, 27.559, 0, 0, 0],
		[362, "PAD114_1", 304.41, 502.99, "T", "SMD", "$1N40794", "", "R", 13.78, 27.559, 0, 0, 0],
		[363, "PAD115_5", 597.01, 550.59, "T", "SMD", "VBATT", "", "R", 13.78, 27.559, 0, 0, 270],
		[364, "PAD116_4", 597.01, 499.41, "T", "SMD", "$1N40626", "", "R", 13.78, 27.559, 0, 0, 270],
		[365, "PAD117_3", 522.99, 499.41, "T", "SMD", "GND", "GND", "R", 13.78, 27.559, 0, 0, 270],
		[366, "PAD118_2", 522.99, 525, "T", "SMD", "$1N40521", "", "R", 13.78, 27.559, 0, 0, 270],
		[367, "PAD119_1", 522.99, 550.59, "T", "SMD", "$1N40794", "", "R", 13.78, 27.559, 0, 0, 270],
		[368, "PAD120_5", 518.815, 607.6, "T", "SMD", "VBATT", "", "R", 43.307, 23.622, 0, 0, 0],
		[369, "PAD121_4", 518.815, 682.4, "T", "SMD", "$1N41432", "", "R", 43.307, 23.622, 0, 0, 0],
		[370, "PAD122_3", 621.185, 682.4, "T", "SMD", "GND", "GND", "R", 43.307, 23.622, 0, 0, 0],
		[371, "PAD123_2", 621.185, 645, "T", "SMD", "OFF", "", "R", 43.307, 23.622, 0, 0, 0],
		[372, "PAD124_1", 621.185, 607.6, "T", "SMD", "$1N40469", "", "R", 43.307, 23.622, 0, 0, 0],
		[373, "PAD125_2", 586.46, 455, "T", "SMD", "VBATT", "", "R", 31.106, 21.26, 0, 0, 0],
		[374, "PAD126_1", 543.54, 455, "T", "SMD", "GND", "GND", "R", 31.106, 21.26, 0, 0, 0],
		[375, "PAD127_2", 548.54, 790, "T", "SMD", "VBATT", "", "R", 31.106, 21.26, 0, 0, 180],
		[376, "PAD128_1", 591.46, 790, "T", "SMD", "GND", "GND", "R", 31.106, 21.26, 0, 0, 180],
		[377, "PAD129_2", 255, 556.46, "T", "SMD", "VBATT", "", "R", 31.106, 21.26, 0, 0, 90],
		[378, "PAD130_1", 255, 513.54, "T", "SMD", "GND", "GND", "R", 31.106, 21.26, 0, 0, 90],
		[379, "PAD131_1", 1860, 1030, "T", "DIP", "GND", "GND", "R", 66.929, 66.929, 43.308, 43.308, 0],
		[380, "PAD131_1", 1860, 1030, "B", "DIP", "GND", "GND", "R", 66.929, 66.929, 43.308, 43.308, 0],
		[381, "PAD132_2", 1960, 1030, "T", "DIP", "VCC", "", "C", 66.929, 66.929, 43.308, 43.308, 0],
		[382, "PAD132_2", 1960, 1030, "B", "DIP", "VCC", "", "C", 66.929, 66.929, 43.308, 43.308, 0],
		[383, "PAD133_3", 2060, 1030, "T", "DIP", "SCL", "", "C", 66.929, 66.929, 43.308, 43.308, 0],
		[384, "PAD133_3", 2060, 1030, "B", "DIP", "SCL", "", "C", 66.929, 66.929, 43.308, 43.308, 0],
		[385, "PAD134_4", 2160, 1030, "T", "DIP", "SDA", "", "C", 66.929, 66.929, 43.308, 43.308, 0],
		[386, "PAD134_4", 2160, 1030, "B", "DIP", "SDA", "", "C", 66.929, 66.929, 43.308, 43.308, 0],
		[387, "PAD135_2", 1887.8346, 555, "B", "SMD", "GND", "GND", "R", 208.661, 295.275, 0, 0, 180],
		[388, "PAD136_1", -35.39, 555, "B", "SMD", "$1N45378", "", "R", 208.661, 295.275, 0, 0, 180],
		[389, "PAD137_2", 902, 90.3943, "T", "SMD", "$1N40794", "", "R", 86.614, 47.244, 0, 0, 0],
		[390, "PAD138_1", 1583, 90.3943, "T", "SMD", "GND", "GND", "R", 86.614, 47.244, 0, 0, 0],
		[391, "PAD139_2", 98.835, 380, "T", "SMD", "$1N45378", "", "R", 39.37, 29.528, 0, 0, 180],
		[392, "PAD140_1", 191.165, 380, "T", "SMD", "$1N45731", "", "R", 39.37, 29.528, 0, 0, 180],
		[393, "PAD141_2", 922.96, 205, "T", "SMD", "VBATT", "", "R", 22.27, 21.26, 0, 0, 180],
		[394, "PAD142_1", 957.04, 205, "T", "SMD", "$1N45496", "", "R", 22.27, 21.26, 0, 0, 180],
		[395, "PAD143_2", 1042.04, 205, "T", "SMD", "$1N45505", "", "R", 22.27, 21.26, 0, 0, 0],
		[396, "PAD144_1", 1007.96, 205, "T", "SMD", "$1N45496", "", "R", 22.27, 21.26, 0, 0, 0],
		[397, "PAD145_2", 1042.04, 255, "T", "SMD", "$1N45505", "", "R", 22.27, 21.26, 0, 0, 0],
		[398, "PAD146_1", 1007.96, 255, "T", "SMD", "ADC", "", "R", 22.27, 21.26, 0, 0, 0],
		[399, "PAD147_3", 111.42, 151.1, "T", "SMD", "$1N45731", "", "R", 27.559, 70.866, 0, 0, 180],
		[400, "PAD148_2", 229.53, 151.1, "T", "SMD", "VBATT", "", "R", 27.559, 70.866, 0, 0, 180],
		[401, "PAD149_4", 343.7, 38.9, "T", "SMD", "GND", "GND", "R", 31.496, 39.37, 0, 0, 270],
		[402, "PAD150_4", 343.7, 125.51, "T", "SMD", "GND", "GND", "R", 31.496, 39.37, 0, 0, 270],
		[403, "PAD151_4", 56.3, 125.51, "T", "SMD", "GND", "GND", "R", 31.496, 39.37, 0, 0, 270],
		[404, "PAD152_4", 56.3, 38.9, "T", "SMD", "GND", "GND", "R", 31.496, 39.37, 0, 0, 270],
		[405, "PAD153_2", 763.95, 235.568, "T", "SMD", "$1N46075", "", "R", 22.27, 21.26, 0, 0, 90],
		[406, "PAD154_1", 763.95, 201.488, "T", "SMD", "GND", "GND", "R", 22.27, 21.26, 0, 0, 90],
		[407, "PAD155_1", -40, 290, "T", "DIP", "$1N33212", "", "R", 78.74, 78.74, 47.244, 47.244, 270],
		[408, "PAD155_1", -40, 290, "B", "DIP", "$1N33212", "", "R", 78.74, 78.74, 47.244, 47.244, 270],
		[409, "PAD156_2", -40, 190, "T", "DIP", "GND", "GND", "C", 78.74, 78.74, 47.244, 47.244, 270],
		[410, "PAD156_2", -40, 190, "B", "DIP", "GND", "GND", "C", 78.74, 78.74, 47.244, 47.244, 270],
		[411, "PAD157_2", 1100, 936.46, "T", "SMD", "$1N46271", "", "R", 31.106, 21.26, 0, 0, 90],
		[412, "PAD158_1", 1100, 893.54, "T", "SMD", "RESET", "", "R", 31.106, 21.26, 0, 0, 90],
		[413, "PAD159_2", 764.995, 356.475, "T", "SMD", "$1N46027", "", "R", 31.496, 31.496, 0, 0, 180],
		[414, "PAD160_1", 765.005, 293.525, "T", "SMD", "$1N46075", "", "R", 31.496, 31.496, 0, 0, 180],
		[415, "PAD161_2", 466.46, 495, "T", "SMD", "$1N40521", "", "R", 31.106, 21.26, 0, 0, 0],
		[416, "PAD162_1", 423.54, 495, "T", "SMD", "GND", "GND", "R", 31.106, 21.26, 0, 0, 0],
		[417, "PAD163_1", 280, 1000, "T", "DIP", "VBATT", "", "R", 78.74, 78.74, 47.244, 47.244, 0],
		[418, "PAD163_1", 280, 1000, "B", "DIP", "VBATT", "", "R", 78.74, 78.74, 47.244, 47.244, 0],
		[419, "PAD164_2", 380, 1000, "T", "DIP", "WAKEUP", "", "C", 78.74, 78.74, 47.244, 47.244, 0],
		[420, "PAD164_2", 380, 1000, "B", "DIP", "WAKEUP", "", "C", 78.74, 78.74, 47.244, 47.244, 0]
	]
}
}